{"Loss/surrogate":0.000695697552873753,"Reward/lin_vel_z":-0.012932184152305126,"Reward/lin_vel_y":-0.22028140723705292,"Perf/total_fps":356312,"Reward/base_height":-0.00975378230214119,"_timestamp":1.7449869062082396e+09,"Loss/learning_rate":0.0001,"_step":999,"Perf/collection time":0.8065440654754639,"Reward/collision":-0.013200690969824791,"Reward/orientation":-0.01300725620239973,"Loss/kl_mean":0.007293024566024542,"Loss/mean_noise_std":2.0610392093658447,"Reward/action_rate":-0.7873730659484863,"Train/mean_episode_length":1129.3,"Reward/ang_vel_xy":-0.199571430683136,"_runtime":1206.764600032,"Reward/lin_vel_x":9.526418685913086,"Train/mean_reward":258.46139109253886,"Loss/value_func":1.5461469769477845,"Perf/learning_time":0.2970278263092041,"_wandb":{"runtime":1206}}