{"Loss/value_func":0.0005664980533765629,"Reward/collision":0,"Perf/collection time":1.6200242042541504,"Reward/action_rate":-0.001923230243846774,"Reward/orientation":-2.540492914704373e-06,"Loss/learning_rate":0.0001,"Train/mean_episode_length":22.64,"_wandb":{"runtime":20},"Train/mean_reward":-0.02950757436454296,"Reward/lin_vel_y":-7.30110623408109e-05,"_runtime":20.564538213,"Perf/total_fps":198902,"Reward/lin_vel_x":0.001086670090444386,"_step":8,"Loss/mean_noise_std":1.0095843076705933,"Loss/surrogate":-0.02260554739041254,"_timestamp":1.74557675198125e+09,"Perf/learning_time":0.3569011688232422,"Loss/kl_mean":0.009003110229969025,"Reward/lin_vel_z":-0.0002717966854106635}