{"Reward/feet_height_before_backflip":-0.384280800819397,"Train/mean_reward":23.88762201309204,"Perf/total_fps":98476,"Reward/lin_vel_z":5.225404739379883,"Reward/ang_vel_z":-0.31169015169143677,"Perf/collection time":2.2110753059387207,"Reward/feet_distance":-0.08593042939901352,"Reward/actions_symmetry":-0.23419630527496338,"Reward/height_control":-0.022218722850084305,"Reward/action_rate":-0.00935283862054348,"video":{"width":720,"height":720,"_type":"video-file","sha256":"5320aaabb1c021f4d658d19cfeef38aa4284d506455506c9f4f6d4a62b8ea62d","size":8016628,"path":"media/videos/video_957_5320aaabb1c021f4d658.gif"},"Loss/value_func":0.024905221816152335,"Loss/kl_mean":0.019630562514066696,"_wandb":{"runtime":2464},"Reward/orientation_control":-0.750131368637085,"_step":999,"Loss/surrogate":-1.784429041435942e-05,"Loss/learning_rate":0.0001,"Loss/mean_noise_std":0.3675563931465149,"Train/mean_episode_length":101,"_timestamp":1.7489707743453863e+09,"Reward/ang_vel_y":8.556658744812012,"Perf/learning_time":0.2260446548461914,"Reward/gravity_y":-0.04246460646390915,"_runtime":2464.707790031}